task_id,conversation_id,turn_id,domain,query_length_chars,query_length_words,has_question_mark,has_wh_word,num_capitalized_words,num_numbers,query_text,answerability,question_type,multi_turn_type,conversation_length,num_previous_turns,is_first_turn,elser_lastturn_recall_1,elser_lastturn_recall_3,elser_lastturn_recall_5,elser_lastturn_recall_10,elser_lastturn_ndcg_cut_1,elser_lastturn_ndcg_cut_3,elser_lastturn_ndcg_cut_5,elser_lastturn_ndcg_cut_10,elser_rewrite_recall_1,elser_rewrite_recall_3,elser_rewrite_recall_5,elser_rewrite_recall_10,elser_rewrite_ndcg_cut_1,elser_rewrite_ndcg_cut_3,elser_rewrite_ndcg_cut_5,elser_rewrite_ndcg_cut_10,elser_questions_recall_1,elser_questions_recall_3,elser_questions_recall_5,elser_questions_recall_10,elser_questions_ndcg_cut_1,elser_questions_ndcg_cut_3,elser_questions_ndcg_cut_5,elser_questions_ndcg_cut_10,best_score,best_combo
29e3ec96a6e8916a0326ebcdab78abae<::>6,29e3ec96a6e8916a0326ebcdab78abae,6,clapnq,91,15,True,False,1,0,"That is too bad.  Although the movement was non-violent, some ended up in violence, right? ",ANSWERABLE,Summarization,Follow-up,0,0,False,0.0,0.0,0.0,0.0,0.0,0.0,0.0,0.0,0.0,0.0,0.0,0.0,0.0,0.0,0.0,0.0,0.0,0.0,0.0,0.0,0.0,0.0,0.0,0.0,0.0,
b2805ee4c478194c234e2384ffb0a6bf<::>3,b2805ee4c478194c234e2384ffb0a6bf,3,clapnq,51,9,True,True,0,0,By how much did the cotton gin increase production?,ANSWERABLE,Summarization,Follow-up,0,0,False,0.0,0.0,0.0,0.0,0.0,0.0,0.0,0.0,0.0,0.0,0.0,0.0,0.0,0.0,0.0,0.0,0.0,0.0,0.0,0.0,0.0,0.0,0.0,0.0,0.0,
dd82f0f978316e73618cf0addd369cd8<::>9,dd82f0f978316e73618cf0addd369cd8,9,clapnq,129,25,False,False,1,0,I like ice hockey as my sons were great players in the High school and also played for club hockey during their years in college.,ANSWERABLE,Non-Question,Follow-up,0,0,False,0.0,0.0,0.0,0.0,0.0,0.0,0.0,0.0,0.0,0.0,0.0,0.0,0.0,0.0,0.0,0.0,0.0,0.0,0.0,0.0,0.0,0.0,0.0,0.0,0.0,
694e275f1a01ad0e8ac448ad809f7930<::>6,694e275f1a01ad0e8ac448ad809f7930,6,clapnq,151,30,True,False,0,0,"I can see that play any sport soccer any other needs some talend and a lot practices and some body, but is there any special diet become a good player?",ANSWERABLE,Factoid,Follow-up,0,0,False,0.0,0.0,0.0,0.0,0.0,0.0,0.0,0.0,0.0,0.0,0.0,0.0,0.0,0.0,0.0,0.0,0.0,0.0,0.0,0.0,0.0,0.0,0.0,0.0,0.0,
1c0e5e78f1a16ea2eb2165b6aa31dc61<::>2,1c0e5e78f1a16ea2eb2165b6aa31dc61,2,clapnq,18,4,True,False,0,0,any reason to end?,PARTIAL,Explanation,Follow-up,0,0,False,0.0,0.0,0.0,0.0,0.0,0.0,0.0,0.0,0.0,0.0,0.0,0.0,0.0,0.0,0.0,0.0,0.0,0.0,0.0,0.0,0.0,0.0,0.0,0.0,0.0,
1c0e5e78f1a16ea2eb2165b6aa31dc61<::>3,1c0e5e78f1a16ea2eb2165b6aa31dc61,3,clapnq,38,8,True,True,0,0,who was the arch rival to this series?,PARTIAL,Factoid,Follow-up,0,0,False,0.0,0.0,0.0,0.0,0.0,0.0,0.0,0.0,0.0,0.0,0.0,0.0,0.0,0.0,0.0,0.0,0.0,0.0,0.0,0.0,0.0,0.0,0.0,0.0,0.0,
1c0e5e78f1a16ea2eb2165b6aa31dc61<::>5,1c0e5e78f1a16ea2eb2165b6aa31dc61,5,clapnq,10,2,False,False,0,0,any awards,ANSWERABLE,Factoid,Follow-up,0,0,False,0.0,0.0,0.0,0.0,0.0,0.0,0.0,0.0,0.0,0.0,0.0,0.0,0.0,0.0,0.0,0.0,0.0,0.0,0.0,0.0,0.0,0.0,0.0,0.0,0.0,
1c0e5e78f1a16ea2eb2165b6aa31dc61<::>7,1c0e5e78f1a16ea2eb2165b6aa31dc61,7,clapnq,52,11,True,True,2,0,"no, I meant which TV series was the best in history?",ANSWERABLE,Comparative,Clarification,0,0,False,0.0,0.0,0.0,0.0,0.0,0.0,0.0,0.0,0.0,0.0,0.0,0.0,0.0,0.0,0.0,0.0,0.0,0.0,0.0,0.0,0.0,0.0,0.0,0.0,0.0,
1c0e5e78f1a16ea2eb2165b6aa31dc61<::>8,1c0e5e78f1a16ea2eb2165b6aa31dc61,8,clapnq,37,8,True,True,2,0,So what is the next after The Office?,PARTIAL,Factoid,Follow-up,0,0,False,0.0,0.0,0.0,0.0,0.0,0.0,0.0,0.0,0.0,0.0,0.0,0.0,0.0,0.0,0.0,0.0,0.0,0.0,0.0,0.0,0.0,0.0,0.0,0.0,0.0,
33431330abb38298cc79b96b2f4fde2a<::>4,33431330abb38298cc79b96b2f4fde2a,4,clapnq,12,3,True,True,0,0,Why it fall?,ANSWERABLE,Explanation,Clarification,0,0,False,0.0,0.0,0.0,0.0,0.0,0.0,0.0,0.0,0.0,0.0,0.0,0.0,0.0,0.0,0.0,0.0,0.0,0.0,0.0,0.0,0.0,0.0,0.0,0.0,0.0,
33431330abb38298cc79b96b2f4fde2a<::>5,33431330abb38298cc79b96b2f4fde2a,5,clapnq,18,4,True,True,0,0,When was it found?,ANSWERABLE,Explanation,Follow-up,0,0,False,0.0,0.0,0.0,0.0,0.0,0.0,0.0,0.0,0.0,0.0,0.0,0.0,0.0,0.0,0.0,0.0,0.0,0.0,0.0,0.0,0.0,0.0,0.0,0.0,0.0,
33431330abb38298cc79b96b2f4fde2a<::>6,33431330abb38298cc79b96b2f4fde2a,6,clapnq,57,11,False,True,1,0,Stay within the boundaries of what is now known as Italy.,ANSWERABLE,Non-Question,Clarification,0,0,False,0.0,0.0,0.0,0.0,0.0,0.0,0.0,0.0,0.0,0.0,0.0,0.0,0.0,0.0,0.0,0.0,0.0,0.0,0.0,0.0,0.0,0.0,0.0,0.0,0.0,
fd99b316e5e64f19ff938598aea9b285<::>2,fd99b316e5e64f19ff938598aea9b285,2,clapnq,37,8,True,True,1,0,What is it called outside of the USA?,ANSWERABLE,Factoid,Clarification,0,0,False,0.0,0.0,0.0,0.0,0.0,0.0,0.0,0.0,0.0,0.0,0.0,0.0,0.0,0.0,0.0,0.0,0.0,0.0,0.0,0.0,0.0,0.0,0.0,0.0,0.0,
fd99b316e5e64f19ff938598aea9b285<::>4,fd99b316e5e64f19ff938598aea9b285,4,clapnq,27,5,True,True,0,0,Which is the most popular? ,ANSWERABLE,Comparative,Follow-up,0,0,False,0.0,0.0,0.0,0.0,0.0,0.0,0.0,0.0,0.0,0.0,0.0,0.0,0.0,0.0,0.0,0.0,0.0,0.0,0.0,0.0,0.0,0.0,0.0,0.0,0.0,
d5f0e7023ab90fe0240b7fc46cf00c26<::>3,d5f0e7023ab90fe0240b7fc46cf00c26,3,clapnq,44,7,True,False,0,0,Are there any other important river systems?,ANSWERABLE,Factoid,Follow-up,0,0,False,0.0,0.0,0.0,0.0,0.0,0.0,0.0,0.0,0.0,0.0,0.0,0.0,0.0,0.0,0.0,0.0,0.0,0.0,0.0,0.0,0.0,0.0,0.0,0.0,0.0,
6a738cc02c5aa0b74319acd0e8a809dd<::>5,6a738cc02c5aa0b74319acd0e8a809dd,5,clapnq,22,5,True,False,0,0,any good idea to this?,PARTIAL,Opinion,Follow-up,0,0,False,0.0,0.0,0.0,0.0,0.0,0.0,0.0,0.0,0.0,0.0,0.0,0.0,0.0,0.0,0.0,0.0,0.0,0.0,0.0,0.0,0.0,0.0,0.0,0.0,0.0,
13a398b30067d58d179fa8cbc2592449<::>9,13a398b30067d58d179fa8cbc2592449,9,clapnq,29,7,False,True,1,0,I see. What a terrible war ! ,ANSWERABLE,Non-Question,Follow-up,0,0,False,0.0,0.0,0.0,0.0,0.0,0.0,0.0,0.0,0.0,0.0,0.0,0.0,0.0,0.0,0.0,0.0,0.0,0.0,0.0,0.0,0.0,0.0,0.0,0.0,0.0,
a277cf5022616282aa819ee76c9343de<::>3,a277cf5022616282aa819ee76c9343de,3,clapnq,35,5,True,True,0,0,"What it called ""greater something""?",ANSWERABLE,Factoid,Clarification,0,0,False,0.0,0.0,0.0,0.0,0.0,0.0,0.0,0.0,0.0,0.0,0.0,0.0,0.0,0.0,0.0,0.0,0.0,0.0,0.0,0.0,0.0,0.0,0.0,0.0,0.0,
a277cf5022616282aa819ee76c9343de<::>5,a277cf5022616282aa819ee76c9343de,5,clapnq,53,11,True,False,0,0,"As a result, do you think the country was better off?",ANSWERABLE,Opinion,Follow-up,0,0,False,0.0,0.0,0.0,0.0,0.0,0.0,0.0,0.0,0.0,0.0,0.0,0.0,0.0,0.0,0.0,0.0,0.0,0.0,0.0,0.0,0.0,0.0,0.0,0.0,0.0,
a277cf5022616282aa819ee76c9343de<::>6,a277cf5022616282aa819ee76c9343de,6,clapnq,71,15,False,False,2,0,I mean better off as a result of being occupied by US rather than USSR.,ANSWERABLE,Opinion,Clarification,0,0,False,0.0,0.0,0.0,0.0,0.0,0.0,0.0,0.0,0.0,0.0,0.0,0.0,0.0,0.0,0.0,0.0,0.0,0.0,0.0,0.0,0.0,0.0,0.0,0.0,0.0,
a277cf5022616282aa819ee76c9343de<::>7,a277cf5022616282aa819ee76c9343de,7,clapnq,98,19,False,False,1,2,I think Soviet was very sneaky taking 2 northern islands just by joining the war in the 11th hour!,ANSWERABLE,Non-Question,Follow-up,0,0,False,0.0,0.0,0.0,0.0,0.0,0.0,0.0,0.0,0.0,0.0,0.0,0.0,0.0,0.0,0.0,0.0,0.0,0.0,0.0,0.0,0.0,0.0,0.0,0.0,0.0,
a277cf5022616282aa819ee76c9343de<::>8,a277cf5022616282aa819ee76c9343de,8,clapnq,21,2,False,False,0,0,Roosevelt involvement,ANSWERABLE,Keyword,Follow-up,0,0,False,0.0,0.0,0.0,0.0,0.0,0.0,0.0,0.0,0.0,0.0,0.0,0.0,0.0,0.0,0.0,0.0,0.0,0.0,0.0,0.0,0.0,0.0,0.0,0.0,0.0,
d5b1e735a040853ed361a3dfde1b8ef0<::>1,d5b1e735a040853ed361a3dfde1b8ef0,1,cloud,34,5,True,False,1,0,does IBM offer document databases?,ANSWERABLE,Factoid,N/A,0,0,True,0.0,0.0,0.0,0.0,0.0,0.0,0.0,0.0,0.0,0.0,0.0,0.0,0.0,0.0,0.0,0.0,0.0,0.0,0.0,0.0,0.0,0.0,0.0,0.0,0.0,
fdee20f7fd677e420742b09989623d68<::>6,fdee20f7fd677e420742b09989623d68,6,cloud,67,14,False,False,1,0,i am having hard time finding web chat whenever I was trying to use,ANSWERABLE,Troubleshooting,Follow-up,0,0,False,0.0,0.0,0.0,0.0,0.0,0.0,0.0,0.0,0.0,0.0,0.0,0.0,0.0,0.0,0.0,0.0,0.0,0.0,0.0,0.0,0.0,0.0,0.0,0.0,0.0,
fdee20f7fd677e420742b09989623d68<::>7,fdee20f7fd677e420742b09989623d68,7,cloud,29,4,False,False,0,0,Add user identity information,ANSWERABLE,Keyword,Follow-up,0,0,False,0.0,0.0,0.0,0.0,0.0,0.0,0.0,0.0,0.0,0.0,0.0,0.0,0.0,0.0,0.0,0.0,0.0,0.0,0.0,0.0,0.0,0.0,0.0,0.0,0.0,
be461bfeda2d4826cdb663dcaa7d1ced<::>5,be461bfeda2d4826cdb663dcaa7d1ced,5,cloud,9,2,False,False,0,0,node data,ANSWERABLE,Keyword,Follow-up,0,0,False,0.0,0.0,0.0,0.0,0.0,0.0,0.0,0.0,0.0,0.0,0.0,0.0,0.0,0.0,0.0,0.0,0.0,0.0,0.0,0.0,0.0,0.0,0.0,0.0,0.0,
1dcbbeb35d4d25ba1ffb787a9f2080e2<::>1,1dcbbeb35d4d25ba1ffb787a9f2080e2,1,cloud,37,6,True,True,1,0,How do I find specific conversations?,ANSWERABLE,How-To,N/A,0,0,True,0.0,0.0,0.0,0.0,0.0,0.0,0.0,0.0,0.0,0.0,0.0,0.0,0.0,0.0,0.0,0.0,0.0,0.0,0.0,0.0,0.0,0.0,0.0,0.0,0.0,
ddbbbe7ea13560c5768639207e1ca604<::>3,ddbbbe7ea13560c5768639207e1ca604,3,cloud,11,2,False,False,0,0,data volume,ANSWERABLE,Keyword,Follow-up,0,0,False,0.0,0.0,0.0,0.0,0.0,0.0,0.0,0.0,0.0,0.0,0.0,0.0,0.0,0.0,0.0,0.0,0.0,0.0,0.0,0.0,0.0,0.0,0.0,0.0,0.0,
ddbbbe7ea13560c5768639207e1ca604<::>7,ddbbbe7ea13560c5768639207e1ca604,7,cloud,23,4,False,False,0,1,corelation os 3 metrics,ANSWERABLE,Keyword,Follow-up,0,0,False,0.0,0.0,0.0,0.0,0.0,0.0,0.0,0.0,0.0,0.0,0.0,0.0,0.0,0.0,0.0,0.0,0.0,0.0,0.0,0.0,0.0,0.0,0.0,0.0,0.0,
81afaf82a0d9a5fad6eaa196f8d9641c<::>8,81afaf82a0d9a5fad6eaa196f8d9641c,8,cloud,8,1,False,False,0,0,backups.,ANSWERABLE,Keyword,Follow-up,0,0,False,0.0,0.0,0.0,0.0,0.0,0.0,0.0,0.0,0.0,0.0,0.0,0.0,0.0,0.0,0.0,0.0,0.0,0.0,0.0,0.0,0.0,0.0,0.0,0.0,0.0,
34ac6bedd4b35167cc59e289893e206a<::>8,34ac6bedd4b35167cc59e289893e206a,8,cloud,24,3,True,True,0,0,What about installation?,ANSWERABLE,How-To,Follow-up,0,0,False,0.0,0.0,0.0,0.0,0.0,0.0,0.0,0.0,0.0,0.0,0.0,0.0,0.0,0.0,0.0,0.0,0.0,0.0,0.0,0.0,0.0,0.0,0.0,0.0,0.0,
f3a917e029970190be5ee508ba770d7f<::>6,f3a917e029970190be5ee508ba770d7f,6,cloud,20,3,True,True,0,0,What about security?,ANSWERABLE,Summarization,Follow-up,0,0,False,0.0,0.0,0.0,0.0,0.0,0.0,0.0,0.0,0.0,0.0,0.0,0.0,0.0,0.0,0.0,0.0,0.0,0.0,0.0,0.0,0.0,0.0,0.0,0.0,0.0,
f3a917e029970190be5ee508ba770d7f<::>7,f3a917e029970190be5ee508ba770d7f,7,cloud,42,8,False,False,0,0,I'm allowed to use only my firewall rules.,ANSWERABLE,Non-Question,Clarification,0,0,False,0.0,0.0,0.0,0.0,0.0,0.0,0.0,0.0,0.0,0.0,0.0,0.0,0.0,0.0,0.0,0.0,0.0,0.0,0.0,0.0,0.0,0.0,0.0,0.0,0.0,
e1b602e47ded79a35d8df4eefe194e39<::>2,e1b602e47ded79a35d8df4eefe194e39,2,cloud,68,12,True,True,0,0,What are the other skills and what languages are supported for them?,ANSWERABLE,Composite,Follow-up,0,0,False,0.0,0.0,0.0,0.0,0.0,0.0,0.0,0.0,0.0,0.0,0.0,0.0,0.0,0.0,0.0,0.0,0.0,0.0,0.0,0.0,0.0,0.0,0.0,0.0,0.0,
4175fcce99c56af0e02be5b8990fc16a<::>6,4175fcce99c56af0e02be5b8990fc16a,6,cloud,11,3,True,False,0,0,Is it free?,ANSWERABLE,Factoid,Follow-up,0,0,False,0.0,0.0,0.0,0.0,0.0,0.0,0.0,0.0,0.0,0.0,0.0,0.0,0.0,0.0,0.0,0.0,0.0,0.0,0.0,0.0,0.0,0.0,0.0,0.0,0.0,
4175fcce99c56af0e02be5b8990fc16a<::>7,4175fcce99c56af0e02be5b8990fc16a,7,cloud,4,1,False,False,0,0,Use.,ANSWERABLE,Keyword,Follow-up,0,0,False,0.0,0.0,0.0,0.0,0.0,0.0,0.0,0.0,0.0,0.0,0.0,0.0,0.0,0.0,0.0,0.0,0.0,0.0,0.0,0.0,0.0,0.0,0.0,0.0,0.0,
f5a8ca2f2bc12180940167fb920bb018<::>5,f5a8ca2f2bc12180940167fb920bb018,5,cloud,30,4,True,False,0,0,Are dialogue skills necessary?,ANSWERABLE,Factoid,Clarification,0,0,False,0.0,0.0,0.0,0.0,0.0,0.0,0.0,0.0,0.0,0.0,0.0,0.0,0.0,0.0,0.0,0.0,0.0,0.0,0.0,0.0,0.0,0.0,0.0,0.0,0.0,
f5a8ca2f2bc12180940167fb920bb018<::>6,f5a8ca2f2bc12180940167fb920bb018,6,cloud,44,8,True,True,0,0,What is the difference with the dialog node?,ANSWERABLE,Comparative,Follow-up,0,0,False,0.0,0.0,0.0,0.0,0.0,0.0,0.0,0.0,0.0,0.0,0.0,0.0,0.0,0.0,0.0,0.0,0.0,0.0,0.0,0.0,0.0,0.0,0.0,0.0,0.0,
f5a8ca2f2bc12180940167fb920bb018<::>7,f5a8ca2f2bc12180940167fb920bb018,7,cloud,24,5,True,True,1,0,Which type can I create?,ANSWERABLE,Factoid,Follow-up,0,0,False,0.0,0.0,0.0,0.0,0.0,0.0,0.0,0.0,0.0,0.0,0.0,0.0,0.0,0.0,0.0,0.0,0.0,0.0,0.0,0.0,0.0,0.0,0.0,0.0,0.0,
1065ea5ad1ae2b90e6fce67d851a7a66<::>4,1065ea5ad1ae2b90e6fce67d851a7a66,4,cloud,47,8,False,False,1,0,"Excuse me, I meant source code example, rather.",ANSWERABLE,How-To,Clarification,0,0,False,0.0,0.0,0.0,0.0,0.0,0.0,0.0,0.0,0.0,0.0,0.0,0.0,0.0,0.0,0.0,0.0,0.0,0.0,0.0,0.0,0.0,0.0,0.0,0.0,0.0,
1065ea5ad1ae2b90e6fce67d851a7a66<::>6,1065ea5ad1ae2b90e6fce67d851a7a66,6,cloud,25,4,False,False,0,0,"Oops, no return result...",ANSWERABLE,Troubleshooting,Follow-up,0,0,False,0.0,0.0,0.0,0.0,0.0,0.0,0.0,0.0,0.0,0.0,0.0,0.0,0.0,0.0,0.0,0.0,0.0,0.0,0.0,0.0,0.0,0.0,0.0,0.0,0.0,
674aa142d92a6b4262de254df0c3f7b2<::>5,674aa142d92a6b4262de254df0c3f7b2,5,cloud,27,5,True,True,0,0,why don't you provide that?,ANSWERABLE,Summarization,Follow-up,0,0,False,0.0,0.0,0.0,0.0,0.0,0.0,0.0,0.0,0.0,0.0,0.0,0.0,0.0,0.0,0.0,0.0,0.0,0.0,0.0,0.0,0.0,0.0,0.0,0.0,0.0,
47b2471404382af6e973013ab1cf96b9<::>3,47b2471404382af6e973013ab1cf96b9,3,cloud,19,4,True,True,0,0,What is an account?,ANSWERABLE,Summarization,Clarification,0,0,False,0.0,0.0,0.0,0.0,0.0,0.0,0.0,0.0,0.0,0.0,0.0,0.0,0.0,0.0,0.0,0.0,0.0,0.0,0.0,0.0,0.0,0.0,0.0,0.0,0.0,
c6c3b02ca32795af64c903dd76700517<::>6,c6c3b02ca32795af64c903dd76700517,6,cloud,85,15,True,True,3,0,What if I want to create encrypted image since Vulnerability Advisor can not scan it?,ANSWERABLE,Explanation,Follow-up,0,0,False,0.0,0.0,0.0,0.0,0.0,0.0,0.0,0.0,0.0,0.0,0.0,0.0,0.0,0.0,0.0,0.0,0.0,0.0,0.0,0.0,0.0,0.0,0.0,0.0,0.0,
c6c3b02ca32795af64c903dd76700517<::>8,c6c3b02ca32795af64c903dd76700517,8,cloud,31,4,False,False,3,0,Container Registry Grant Access,ANSWERABLE,Keyword,Follow-up,0,0,False,0.0,0.0,0.0,0.0,0.0,0.0,0.0,0.0,0.0,0.0,0.0,0.0,0.0,0.0,0.0,0.0,0.0,0.0,0.0,0.0,0.0,0.0,0.0,0.0,0.0,
4c86c8740c3d49e06b7aca9d308119fa<::>3,4c86c8740c3d49e06b7aca9d308119fa,3,cloud,61,11,True,False,6,0,Can I use IBM Cloud® Kubernetes Service clusters only in USA?,ANSWERABLE,Factoid,Follow-up,0,0,False,0.0,0.0,0.0,0.0,0.0,0.0,0.0,0.0,0.0,0.0,0.0,0.0,0.0,0.0,0.0,0.0,0.0,0.0,0.0,0.0,0.0,0.0,0.0,0.0,0.0,
4c86c8740c3d49e06b7aca9d308119fa<::>4,4c86c8740c3d49e06b7aca9d308119fa,4,cloud,74,12,True,True,4,0,what are some practices for IBM Cloud Kubernetes Service do you recommend?,ANSWERABLE,Opinion,Follow-up,0,0,False,0.0,0.0,0.0,0.0,0.0,0.0,0.0,0.0,0.0,0.0,0.0,0.0,0.0,0.0,0.0,0.0,0.0,0.0,0.0,0.0,0.0,0.0,0.0,0.0,0.0,
4c86c8740c3d49e06b7aca9d308119fa<::>8,4c86c8740c3d49e06b7aca9d308119fa,8,cloud,80,15,True,False,2,0,can I get some information about service support in case I run into some issues?,ANSWERABLE,Troubleshooting,Follow-up,0,0,False,0.0,0.0,0.0,0.0,0.0,0.0,0.0,0.0,0.0,0.0,0.0,0.0,0.0,0.0,0.0,0.0,0.0,0.0,0.0,0.0,0.0,0.0,0.0,0.0,0.0,
5815bb4a99e2a0d8a986348da4c49083<::>7,5815bb4a99e2a0d8a986348da4c49083,7,cloud,14,2,False,False,1,0,Explain Spark.,PARTIAL,Explanation,Clarification,0,0,False,0.0,0.0,0.0,0.0,0.0,0.0,0.0,0.0,0.0,0.0,0.0,0.0,0.0,0.0,0.0,0.0,0.0,0.0,0.0,0.0,0.0,0.0,0.0,0.0,0.0,
adf9b1f61c73d715809bc7b37ac02724<::>1,adf9b1f61c73d715809bc7b37ac02724,1,cloud,74,12,True,True,0,0,What are the billing plans available and differences between each of them?,ANSWERABLE,Comparative,N/A,0,0,True,0.0,0.0,0.0,0.0,0.0,0.0,0.0,0.0,0.0,0.0,0.0,0.0,0.0,0.0,0.0,0.0,0.0,0.0,0.0,0.0,0.0,0.0,0.0,0.0,0.0,
e9dd465e8dd63a80dda8f3ce9cba6848<::>7,e9dd465e8dd63a80dda8f3ce9cba6848,7,fiqa,48,9,True,True,0,0,What is the ideal formula to evaluate a company?,ANSWERABLE,Summarization,Follow-up,0,0,False,0.0,0.0,0.0,0.0,0.0,0.0,0.0,0.0,0.0,0.0,0.0,0.0,0.0,0.0,0.0,0.0,0.0,0.0,0.0,0.0,0.0,0.0,0.0,0.0,0.0,
c5518952b78b171de2d5b9317103ba62<::>3,c5518952b78b171de2d5b9317103ba62,3,fiqa,85,18,True,True,2,0,"if it is free, then I should make a second account for my business. how can I create?",ANSWERABLE,How-To,Follow-up,0,0,False,0.0,0.0,0.0,0.0,0.0,0.0,0.0,0.0,0.0,0.0,0.0,0.0,0.0,0.0,0.0,0.0,0.0,0.0,0.0,0.0,0.0,0.0,0.0,0.0,0.0,
c5518952b78b171de2d5b9317103ba62<::>7,c5518952b78b171de2d5b9317103ba62,7,fiqa,58,11,True,False,0,0,can you let me know advantages of using two bank accounts?,ANSWERABLE,Explanation,Follow-up,0,0,False,0.0,0.0,0.0,0.0,0.0,0.0,0.0,0.0,0.0,0.0,0.0,0.0,0.0,0.0,0.0,0.0,0.0,0.0,0.0,0.0,0.0,0.0,0.0,0.0,0.0,
c5518952b78b171de2d5b9317103ba62<::>8,c5518952b78b171de2d5b9317103ba62,8,fiqa,51,10,False,True,1,0,I am wondering which bank I should start looking at,ANSWERABLE,Non-Question,Follow-up,0,0,False,0.0,0.0,0.0,0.0,0.0,0.0,0.0,0.0,0.0,0.0,0.0,0.0,0.0,0.0,0.0,0.0,0.0,0.0,0.0,0.0,0.0,0.0,0.0,0.0,0.0,
535ebd306304982e4e49cc989ce5b10b<::>4,535ebd306304982e4e49cc989ce5b10b,4,fiqa,70,14,True,True,0,0,"If my friend paid for me with her bank's check, what is a consequence?",ANSWERABLE,Explanation,Follow-up,0,0,False,0.0,0.0,0.0,0.0,0.0,0.0,0.0,0.0,0.0,0.0,0.0,0.0,0.0,0.0,0.0,0.0,0.0,0.0,0.0,0.0,0.0,0.0,0.0,0.0,0.0,
535ebd306304982e4e49cc989ce5b10b<::>9,535ebd306304982e4e49cc989ce5b10b,9,fiqa,55,12,False,False,2,0,"because if I cannot sell my EV later, it is not good...",PARTIAL,Opinion,Clarification,0,0,False,0.0,0.0,0.0,0.0,0.0,0.0,0.0,0.0,0.0,0.0,0.0,0.0,0.0,0.0,0.0,0.0,0.0,0.0,0.0,0.0,0.0,0.0,0.0,0.0,0.0,
f1121a39d8a9e36eaef4c2367bd43532<::>5,f1121a39d8a9e36eaef4c2367bd43532,5,fiqa,38,6,True,True,0,0,How do companies hire their employees?,ANSWERABLE,How-To,Follow-up,0,0,False,0.0,0.0,0.0,0.0,0.0,0.0,0.0,0.0,0.0,0.0,0.0,0.0,0.0,0.0,0.0,0.0,0.0,0.0,0.0,0.0,0.0,0.0,0.0,0.0,0.0,
dc1aaac0b33553d8c897d4150955d803<::>4,dc1aaac0b33553d8c897d4150955d803,4,fiqa,74,16,True,False,4,1,ok. I'll do day trading in an IRA account. Can I start with a 50K deposit?,ANSWERABLE,Factoid,Follow-up,0,0,False,0.0,0.0,0.0,0.0,0.0,0.0,0.0,0.0,0.0,0.0,0.0,0.0,0.0,0.0,0.0,0.0,0.0,0.0,0.0,0.0,0.0,0.0,0.0,0.0,0.0,
9c52934a9aea1c3647d4b558d8afdf1c<::>5,9c52934a9aea1c3647d4b558d8afdf1c,5,fiqa,43,11,True,False,1,0,but is it ok if I only can invest a little?,ANSWERABLE,Factoid,Clarification,0,0,False,0.0,0.0,0.0,0.0,0.0,0.0,0.0,0.0,0.0,0.0,0.0,0.0,0.0,0.0,0.0,0.0,0.0,0.0,0.0,0.0,0.0,0.0,0.0,0.0,0.0,
9c52934a9aea1c3647d4b558d8afdf1c<::>6,9c52934a9aea1c3647d4b558d8afdf1c,6,fiqa,42,10,True,False,2,0,Am I better off going to work for a FAANG?,PARTIAL,Opinion,Follow-up,0,0,False,0.0,0.0,0.0,0.0,0.0,0.0,0.0,0.0,0.0,0.0,0.0,0.0,0.0,0.0,0.0,0.0,0.0,0.0,0.0,0.0,0.0,0.0,0.0,0.0,0.0,
94d04f2cd47fee9a0aaa13fa3ae1de53<::>2,94d04f2cd47fee9a0aaa13fa3ae1de53,2,fiqa,64,11,True,True,0,0,What are the key factors to consider when purchasing a business?,ANSWERABLE,Summarization,Follow-up,0,0,False,0.0,0.0,0.0,0.0,0.0,0.0,0.0,0.0,0.0,0.0,0.0,0.0,0.0,0.0,0.0,0.0,0.0,0.0,0.0,0.0,0.0,0.0,0.0,0.0,0.0,
94d04f2cd47fee9a0aaa13fa3ae1de53<::>5,94d04f2cd47fee9a0aaa13fa3ae1de53,5,fiqa,15,2,False,False,0,0,Good decisions ,ANSWERABLE,Keyword,Follow-up,0,0,False,0.0,0.0,0.0,0.0,0.0,0.0,0.0,0.0,0.0,0.0,0.0,0.0,0.0,0.0,0.0,0.0,0.0,0.0,0.0,0.0,0.0,0.0,0.0,0.0,0.0,
94d04f2cd47fee9a0aaa13fa3ae1de53<::>8,94d04f2cd47fee9a0aaa13fa3ae1de53,8,fiqa,6,1,False,False,0,0,Advise,ANSWERABLE,Keyword,Follow-up,0,0,False,0.0,0.0,0.0,0.0,0.0,0.0,0.0,0.0,0.0,0.0,0.0,0.0,0.0,0.0,0.0,0.0,0.0,0.0,0.0,0.0,0.0,0.0,0.0,0.0,0.0,
d4d8edb3e0c456d11033b14b28e99470<::>7,d4d8edb3e0c456d11033b14b28e99470,7,fiqa,50,10,False,False,1,0,"that's a relief, but I could really use the assets",ANSWERABLE,Non-Question,Follow-up,0,0,False,0.0,0.0,0.0,0.0,0.0,0.0,0.0,0.0,0.0,0.0,0.0,0.0,0.0,0.0,0.0,0.0,0.0,0.0,0.0,0.0,0.0,0.0,0.0,0.0,0.0,
1c74814752c3f9d4ed0b99c16e1ed192<::>3,1c74814752c3f9d4ed0b99c16e1ed192,3,fiqa,74,15,True,True,1,0,"In that case, could you please explain why I still have to pay income tax?",ANSWERABLE,Explanation,Follow-up,0,0,False,0.0,0.0,0.0,0.0,0.0,0.0,0.0,0.0,0.0,0.0,0.0,0.0,0.0,0.0,0.0,0.0,0.0,0.0,0.0,0.0,0.0,0.0,0.0,0.0,0.0,
1c74814752c3f9d4ed0b99c16e1ed192<::>8,1c74814752c3f9d4ed0b99c16e1ed192,8,fiqa,35,8,True,False,1,0,Are they the same all over the USA?,ANSWERABLE,Factoid,Clarification,0,0,False,0.0,0.0,0.0,0.0,0.0,0.0,0.0,0.0,0.0,0.0,0.0,0.0,0.0,0.0,0.0,0.0,0.0,0.0,0.0,0.0,0.0,0.0,0.0,0.0,0.0,
6af5334fbd010b919d7fa174823abd12<::>6,6af5334fbd010b919d7fa174823abd12,6,fiqa,5,1,False,False,0,0,Value,ANSWERABLE,Keyword,Follow-up,0,0,False,0.0,0.0,0.0,0.0,0.0,0.0,0.0,0.0,0.0,0.0,0.0,0.0,0.0,0.0,0.0,0.0,0.0,0.0,0.0,0.0,0.0,0.0,0.0,0.0,0.0,
6af5334fbd010b919d7fa174823abd12<::>8,6af5334fbd010b919d7fa174823abd12,8,fiqa,11,2,False,False,0,0,Not payment,ANSWERABLE,Keyword,Follow-up,0,0,False,0.0,0.0,0.0,0.0,0.0,0.0,0.0,0.0,0.0,0.0,0.0,0.0,0.0,0.0,0.0,0.0,0.0,0.0,0.0,0.0,0.0,0.0,0.0,0.0,0.0,
f05ba9633e1b377f9c4d64afd3da3c45<::>8,f05ba9633e1b377f9c4d64afd3da3c45,8,fiqa,28,5,True,True,0,0,What is a better investment?,ANSWERABLE,Explanation,Follow-up,0,0,False,0.0,0.0,0.0,0.0,0.0,0.0,0.0,0.0,0.0,0.0,0.0,0.0,0.0,0.0,0.0,0.0,0.0,0.0,0.0,0.0,0.0,0.0,0.0,0.0,0.0,
4751cd8210b4adb8bce5cbc3fe913096<::>6,4751cd8210b4adb8bce5cbc3fe913096,6,fiqa,17,3,True,False,0,0,anything on loss?,ANSWERABLE,Summarization,Follow-up,0,0,False,0.0,0.0,0.0,0.0,0.0,0.0,0.0,0.0,0.0,0.0,0.0,0.0,0.0,0.0,0.0,0.0,0.0,0.0,0.0,0.0,0.0,0.0,0.0,0.0,0.0,
e0f8a53d3ab93e7900633fc8fa40631e<::>4,e0f8a53d3ab93e7900633fc8fa40631e,4,fiqa,21,3,True,False,0,0,any online self-help?,ANSWERABLE,Factoid,Follow-up,0,0,False,0.0,0.0,0.0,0.0,0.0,0.0,0.0,0.0,0.0,0.0,0.0,0.0,0.0,0.0,0.0,0.0,0.0,0.0,0.0,0.0,0.0,0.0,0.0,0.0,0.0,
e0f8a53d3ab93e7900633fc8fa40631e<::>5,e0f8a53d3ab93e7900633fc8fa40631e,5,fiqa,49,8,True,False,0,0,"I meant not online trading.. but training, right?",ANSWERABLE,Non-Question,Clarification,0,0,False,0.0,0.0,0.0,0.0,0.0,0.0,0.0,0.0,0.0,0.0,0.0,0.0,0.0,0.0,0.0,0.0,0.0,0.0,0.0,0.0,0.0,0.0,0.0,0.0,0.0,
4da5a7f42f3b2dc4d875dcfa2fcdefef<::>1,4da5a7f42f3b2dc4d875dcfa2fcdefef,1,fiqa,55,6,True,False,1,0,‚ÄúInternational credit report‚Äù for French nationals?,PARTIAL,Factoid,N/A,0,0,True,0.0,0.0,0.0,0.0,0.0,0.0,0.0,0.0,0.0,0.0,0.0,0.0,0.0,0.0,0.0,0.0,0.0,0.0,0.0,0.0,0.0,0.0,0.0,0.0,0.0,
4da5a7f42f3b2dc4d875dcfa2fcdefef<::>6,4da5a7f42f3b2dc4d875dcfa2fcdefef,6,fiqa,30,5,False,False,1,0,if I am wrongfully reported...,ANSWERABLE,How-To,Follow-up,0,0,False,0.0,0.0,0.0,0.0,0.0,0.0,0.0,0.0,0.0,0.0,0.0,0.0,0.0,0.0,0.0,0.0,0.0,0.0,0.0,0.0,0.0,0.0,0.0,0.0,0.0,
4da5a7f42f3b2dc4d875dcfa2fcdefef<::>8,4da5a7f42f3b2dc4d875dcfa2fcdefef,8,fiqa,28,4,False,False,0,0,"confusing, layman's term pls",ANSWERABLE,Explanation,Clarification,0,0,False,0.0,0.0,0.0,0.0,0.0,0.0,0.0,0.0,0.0,0.0,0.0,0.0,0.0,0.0,0.0,0.0,0.0,0.0,0.0,0.0,0.0,0.0,0.0,0.0,0.0,
2f484ad8f3baf91136f040855892c82e<::>6,2f484ad8f3baf91136f040855892c82e,6,govt,30,5,True,False,1,0,Does Clipper have an antennae?,ANSWERABLE,Factoid,Follow-up,0,0,False,0.0,0.0,0.0,0.0,0.0,0.0,0.0,0.0,0.0,0.0,0.0,0.0,0.0,0.0,0.0,0.0,0.0,0.0,0.0,0.0,0.0,0.0,0.0,0.0,0.0,
2f484ad8f3baf91136f040855892c82e<::>8,2f484ad8f3baf91136f040855892c82e,8,govt,27,5,True,False,2,0,Does Clipper fly by Europe?,ANSWERABLE,Factoid,Follow-up,0,0,False,0.0,0.0,0.0,0.0,0.0,0.0,0.0,0.0,0.0,0.0,0.0,0.0,0.0,0.0,0.0,0.0,0.0,0.0,0.0,0.0,0.0,0.0,0.0,0.0,0.0,
f0d2873b877409f61da7dbdddd22d279<::>4,f0d2873b877409f61da7dbdddd22d279,4,govt,44,7,True,True,0,0,Who is responsible for covering my expenses?,ANSWERABLE,Explanation,Follow-up,0,0,False,0.0,0.0,0.0,0.0,0.0,0.0,0.0,0.0,0.0,0.0,0.0,0.0,0.0,0.0,0.0,0.0,0.0,0.0,0.0,0.0,0.0,0.0,0.0,0.0,0.0,
f0d2873b877409f61da7dbdddd22d279<::>5,f0d2873b877409f61da7dbdddd22d279,5,govt,65,11,True,False,0,0,Could you please provide the procedures for a child support case?,ANSWERABLE,Explanation,Follow-up,0,0,False,0.0,0.0,0.0,0.0,0.0,0.0,0.0,0.0,0.0,0.0,0.0,0.0,0.0,0.0,0.0,0.0,0.0,0.0,0.0,0.0,0.0,0.0,0.0,0.0,0.0,
5503c6e98c54d4901332d0f1c6030bd9<::>5,5503c6e98c54d4901332d0f1c6030bd9,5,govt,19,4,True,False,0,0,Others in the past?,ANSWERABLE,Factoid,Follow-up,0,0,False,0.0,0.0,0.0,0.0,0.0,0.0,0.0,0.0,0.0,0.0,0.0,0.0,0.0,0.0,0.0,0.0,0.0,0.0,0.0,0.0,0.0,0.0,0.0,0.0,0.0,
5503c6e98c54d4901332d0f1c6030bd9<::>6,5503c6e98c54d4901332d0f1c6030bd9,6,govt,61,13,True,False,2,0,wow there are so many I didn't recognize. Are they all by us?,ANSWERABLE,Factoid,Follow-up,0,0,False,0.0,0.0,0.0,0.0,0.0,0.0,0.0,0.0,0.0,0.0,0.0,0.0,0.0,0.0,0.0,0.0,0.0,0.0,0.0,0.0,0.0,0.0,0.0,0.0,0.0,
62888f39e748c217054ee3af08fb4bdd<::>3,62888f39e748c217054ee3af08fb4bdd,3,govt,5,1,False,False,0,0,Tipsy,PARTIAL,Keyword,Follow-up,0,0,False,0.0,0.0,0.0,0.0,0.0,0.0,0.0,0.0,0.0,0.0,0.0,0.0,0.0,0.0,0.0,0.0,0.0,0.0,0.0,0.0,0.0,0.0,0.0,0.0,0.0,
35e6be0f2049527ae17cf77169cc4f70<::>3,35e6be0f2049527ae17cf77169cc4f70,3,govt,19,4,False,False,1,0,I am in Sacramento.,ANSWERABLE,How-To,Clarification,0,0,False,0.0,0.0,0.0,0.0,0.0,0.0,0.0,0.0,0.0,0.0,0.0,0.0,0.0,0.0,0.0,0.0,0.0,0.0,0.0,0.0,0.0,0.0,0.0,0.0,0.0,
941445ba11ba7ba2c92c5184c9d798d6<::>3,941445ba11ba7ba2c92c5184c9d798d6,3,govt,21,4,True,False,0,0,Are the forms online?,ANSWERABLE,Factoid,Follow-up,0,0,False,0.0,0.0,0.0,0.0,0.0,0.0,0.0,0.0,0.0,0.0,0.0,0.0,0.0,0.0,0.0,0.0,0.0,0.0,0.0,0.0,0.0,0.0,0.0,0.0,0.0,
0ef145e49938dfb9b6eefe781d21dca8<::>6,0ef145e49938dfb9b6eefe781d21dca8,6,govt,80,14,True,False,0,0,"sometimes the gov sites are hacked by another state, isn't it already too late? ",PARTIAL,Opinion,Follow-up,0,0,False,0.0,0.0,0.0,0.0,0.0,0.0,0.0,0.0,0.0,0.0,0.0,0.0,0.0,0.0,0.0,0.0,0.0,0.0,0.0,0.0,0.0,0.0,0.0,0.0,0.0,
5600fe1c05a1fc415416d9dee6347000<::>7,5600fe1c05a1fc415416d9dee6347000,7,govt,27,6,False,False,0,0,I meant for a lunar eclipse,ANSWERABLE,Factoid,Clarification,0,0,False,0.0,0.0,0.0,0.0,0.0,0.0,0.0,0.0,0.0,0.0,0.0,0.0,0.0,0.0,0.0,0.0,0.0,0.0,0.0,0.0,0.0,0.0,0.0,0.0,0.0,
5600fe1c05a1fc415416d9dee6347000<::>8,5600fe1c05a1fc415416d9dee6347000,8,govt,14,4,False,True,0,0,why is it safe,ANSWERABLE,Explanation,Follow-up,0,0,False,0.0,0.0,0.0,0.0,0.0,0.0,0.0,0.0,0.0,0.0,0.0,0.0,0.0,0.0,0.0,0.0,0.0,0.0,0.0,0.0,0.0,0.0,0.0,0.0,0.0,
251e29286cef45d899d7889e94ae25d5<::>6,251e29286cef45d899d7889e94ae25d5,6,govt,47,9,True,True,1,0,how can I prevent myself and family from covid?,ANSWERABLE,How-To,Follow-up,0,0,False,0.0,0.0,0.0,0.0,0.0,0.0,0.0,0.0,0.0,0.0,0.0,0.0,0.0,0.0,0.0,0.0,0.0,0.0,0.0,0.0,0.0,0.0,0.0,0.0,0.0,
ccdfb6b6f98c55047ae81b705104dbd6<::>1,ccdfb6b6f98c55047ae81b705104dbd6,1,govt,74,11,True,True,5,0,What are the scientific objectives of NASA's Deep Impact Extended Mission?,ANSWERABLE,Factoid,N/A,0,0,True,0.0,0.0,0.0,0.0,0.0,0.0,0.0,0.0,0.0,0.0,0.0,0.0,0.0,0.0,0.0,0.0,0.0,0.0,0.0,0.0,0.0,0.0,0.0,0.0,0.0,
ccdfb6b6f98c55047ae81b705104dbd6<::>9,ccdfb6b6f98c55047ae81b705104dbd6,9,govt,79,13,False,False,0,0,I want to another discovery program summary other than deep impact mission here,ANSWERABLE,Summarization,Follow-up,0,0,False,0.0,0.0,0.0,0.0,0.0,0.0,0.0,0.0,0.0,0.0,0.0,0.0,0.0,0.0,0.0,0.0,0.0,0.0,0.0,0.0,0.0,0.0,0.0,0.0,0.0,
72ba19c38518da1fc894fc638a2802f7<::>9,72ba19c38518da1fc894fc638a2802f7,9,govt,80,13,False,True,1,0,Great!  there certainly are scientists who care about violent culture in the US!,ANSWERABLE,Non-Question,Clarification,0,0,False,0.0,0.0,0.0,0.0,0.0,0.0,0.0,0.0,0.0,0.0,0.0,0.0,0.0,0.0,0.0,0.0,0.0,0.0,0.0,0.0,0.0,0.0,0.0,0.0,0.0,
91715ec6ec7e9a11925e58e707b6626e<::>8,91715ec6ec7e9a11925e58e707b6626e,8,govt,36,8,True,False,1,0,are there any safety I need to know?,ANSWERABLE,Explanation,Follow-up,0,0,False,0.0,0.0,0.0,0.0,0.0,0.0,0.0,0.0,0.0,0.0,0.0,0.0,0.0,0.0,0.0,0.0,0.0,0.0,0.0,0.0,0.0,0.0,0.0,0.0,0.0,
2cc753bcef23767c18aedad06c4405c4<::>6,2cc753bcef23767c18aedad06c4405c4,6,govt,50,8,True,True,0,0,what is electronic waste and hazardous waste here?,ANSWERABLE,Summarization,Follow-up,0,0,False,0.0,0.0,0.0,0.0,0.0,0.0,0.0,0.0,0.0,0.0,0.0,0.0,0.0,0.0,0.0,0.0,0.0,0.0,0.0,0.0,0.0,0.0,0.0,0.0,0.0,
124e27c3861eff7dadd17993719a0beb<::>2,124e27c3861eff7dadd17993719a0beb,2,govt,52,11,False,True,1,0,what if I want to file a complaint with other states,PARTIAL,Explanation,Follow-up,0,0,False,0.0,0.0,0.0,0.0,0.0,0.0,0.0,0.0,0.0,0.0,0.0,0.0,0.0,0.0,0.0,0.0,0.0,0.0,0.0,0.0,0.0,0.0,0.0,0.0,0.0,
124e27c3861eff7dadd17993719a0beb<::>8,124e27c3861eff7dadd17993719a0beb,8,govt,54,10,False,True,2,0,how can I protect myself if I am the whistleblower....,ANSWERABLE,How-To,Follow-up,0,0,False,0.0,0.0,0.0,0.0,0.0,0.0,0.0,0.0,0.0,0.0,0.0,0.0,0.0,0.0,0.0,0.0,0.0,0.0,0.0,0.0,0.0,0.0,0.0,0.0,0.0,
fc3e765d7ffc28ffc7ee7ea38fd3c73a<::>6,fc3e765d7ffc28ffc7ee7ea38fd3c73a,6,govt,68,10,True,False,0,0,Is there any assistance available for property taxes for homeowners?,ANSWERABLE,Explanation,Follow-up,0,0,False,0.0,0.0,0.0,0.0,0.0,0.0,0.0,0.0,0.0,0.0,0.0,0.0,0.0,0.0,0.0,0.0,0.0,0.0,0.0,0.0,0.0,0.0,0.0,0.0,0.0,
fc3e765d7ffc28ffc7ee7ea38fd3c73a<::>7,fc3e765d7ffc28ffc7ee7ea38fd3c73a,7,govt,14,1,False,False,0,0,Discrimination,ANSWERABLE,Keyword,Follow-up,0,0,False,0.0,0.0,0.0,0.0,0.0,0.0,0.0,0.0,0.0,0.0,0.0,0.0,0.0,0.0,0.0,0.0,0.0,0.0,0.0,0.0,0.0,0.0,0.0,0.0,0.0,
e52ab8d5f61ccdfc3712a2608d8c2aba<::>8,e52ab8d5f61ccdfc3712a2608d8c2aba,8,govt,40,5,False,False,0,0,our evironment is getting worse...scary!,ANSWERABLE,Factoid,Clarification,0,0,False,0.0,0.0,0.0,0.0,0.0,0.0,0.0,0.0,0.0,0.0,0.0,0.0,0.0,0.0,0.0,0.0,0.0,0.0,0.0,0.0,0.0,0.0,0.0,0.0,0.0,
